.;.;.;.;.;.;.;.;.;.;.;.;.;.;.;.;;;;;;;;;;;;;;;;;;;;;;;;;;;;;;;;;;;;;;;;;;;;;;;;;;;
Bulbizarre;Coupe-Vent;Coupe;Étreinte;Fouet Lianes;Charge;Plaquage;Bélier;Damoclès;Force;Méga-Sangsue;Lance-Soleil;Danse Fleurs;Frénésie;Patience;Détritus;;;;;;;;;;;;;;;;;;;;;;;;;;;;;;;;;;;;;;;;;;;;;;;;;;;
Herbizarre;Coupe;Étreinte;Fouet Lianes;Charge;Plaquage;Bélier;Damoclès;Force;Méga-Sangsue;Lance-Soleil;Frénésie;Patience;;;;;;;;;;;;;;;;;;;;;;;;;;;;;;;;;;;;;;;;;;;;;;;;;;;;;;
Florizarre;Coupe;Étreinte;Fouet Lianes;Charge;Plaquage;Bélier;Damoclès;Ultralaser;Force;Méga-Sangsue;Lance-Soleil;Danse Fleurs;Séisme;Frénésie;Patience;;;;;;;;;;;;;;;;;;;;;;;;;;;;;;;;;;;;;;;;;;;;;;;;;;;
Salamèche;Ultimapoing;Poing Feu;Poing Éclair;Griffe;Coupe;Cru-Ailes;Ultimawashi;Plaquage;Bélier;Damoclès;Morsure;Flammèche;Lance-Flammes;Sacrifice;Riposte;Frappe Atlas;Force;Draco-Rage;Danse Flammes;Tunnel;Frénésie;Patience;Déflagration;Météores;Combo-Griffe;Éboulement;Tranche;;;;;;;;;;;;;;;;;;;;;;;;;;;;;;;;;;;;;;;
Reptincel;Ultimapoing;Poing Feu;Poing Éclair;Griffe;Coupe;Ultimawashi;Plaquage;Bélier;Damoclès;Flammèche;Lance-Flammes;Sacrifice;Riposte;Frappe Atlas;Force;Draco-Rage;Danse Flammes;Tunnel;Frénésie;Patience;Déflagration;Météores;Combo-Griffe;Éboulement;Tranche;;;;;;;;;;;;;;;;;;;;;;;;;;;;;;;;;;;;;;;;;
Dracaufeu;Ultimapoing;Poing Feu;Poing Éclair;Griffe;Coupe;Cru-Ailes;Vol;Ultimawashi;Plaquage;Bélier;Damoclès;Flammèche;Lance-Flammes;Ultralaser;Sacrifice;Riposte;Frappe Atlas;Force;Lance-Soleil;Draco-Rage;Danse Flammes;Séisme;Abîme;Tunnel;Frénésie;Patience;Déflagration;Météores;Combo-Griffe;Éboulement;Tranche;;;;;;;;;;;;;;;;;;;;;;;;;;;;;;;;;;;
Carapuce;Ultimapoing;Poing Glace;Ultimawashi;Charge;Plaquage;Bélier;Damoclès;Morsure;Pistolet à O;Hydrocanon;Surf;Laser Glace;Blizzard;Sacrifice;Riposte;Frappe Atlas;Force;Tunnel;Choc Mental;Frénésie;Patience;Cascade;Écume;Éboulement;;;;;;;;;;;;;;;;;;;;;;;;;;;;;;;;;;;;;;;;;;
Carabaffe;Ultimapoing;Poing Glace;Ultimawashi;Charge;Plaquage;Bélier;Damoclès;Morsure;Pistolet à O;Hydrocanon;Surf;Laser Glace;Blizzard;Sacrifice;Riposte;Frappe Atlas;Force;Tunnel;Frénésie;Patience;Cascade;Écume;Éboulement;;;;;;;;;;;;;;;;;;;;;;;;;;;;;;;;;;;;;;;;;;;
Tortank;Ultimapoing;Poing Glace;Ultimawashi;Charge;Plaquage;Bélier;Damoclès;Morsure;Pistolet à O;Hydrocanon;Surf;Laser Glace;Blizzard;Ultralaser;Sacrifice;Riposte;Frappe Atlas;Force;Séisme;Abîme;Tunnel;Frénésie;Patience;Cascade;Écume;Éboulement;;;;;;;;;;;;;;;;;;;;;;;;;;;;;;;;;;;;;;;;
Chenipan;Charge;;;;;;;;;;;;;;;;;;;;;;;;;;;;;;;;;;;;;;;;;;;;;;;;;;;;;;;;;;;;;;;;;
Papilusion;Coupe-Vent;Tornade;Charge;Bélier;Damoclès;Rafale Psy;Ultralaser;Méga-Sangsue;Lance-Soleil;Choc Mental;Psyko;Frénésie;Patience;Météores;Dévorêve;Vague Psy;;;;;;;;;;;;;;;;;;;;;;;;;;;;;;;;;;;;;;;;;;;;;;;;;;
Aspicot;Dard-Venin;;;;;;;;;;;;;;;;;;;;;;;;;;;;;;;;;;;;;;;;;;;;;;;;;;;;;;;;;;;;;;;;;
Dardargnan;Coupe;Furie;Bélier;Damoclès;Double Dard;Dard-Nuée;Ultralaser;Picpic;Méga-Sangsue;Lance-Soleil;Frénésie;Patience;Météores;;;;;;;;;;;;;;;;;;;;;;;;;;;;;;;;;;;;;;;;;;;;;;;;;;;;;
Roucool;Coupe-Vent;Tornade;Cru-Ailes;Vol;Charge;Bélier;Damoclès;Vive-Attaque;Frénésie;Patience;Météores;Piqué;;;;;;;;;;;;;;;;;;;;;;;;;;;;;;;;;;;;;;;;;;;;;;;;;;;;;;
Roucoups;Coupe-Vent;Tornade;Cru-Ailes;Vol;Charge;Bélier;Damoclès;Vive-Attaque;Frénésie;Patience;Météores;Piqué;;;;;;;;;;;;;;;;;;;;;;;;;;;;;;;;;;;;;;;;;;;;;;;;;;;;;;
Roucarnage;Coupe-Vent;Tornade;Cru-Ailes;Vol;Charge;Bélier;Damoclès;Ultralaser;Vive-Attaque;Frénésie;Patience;Météores;Piqué;;;;;;;;;;;;;;;;;;;;;;;;;;;;;;;;;;;;;;;;;;;;;;;;;;;;;
Rattata;Coupe;Charge;Plaquage;Bélier;Damoclès;Morsure;Pistolet à O;Laser Glace;Blizzard;Riposte;Tonnerre;Fatal-Foudre;Tunnel;Vive-Attaque;Frénésie;Patience;Météores;Combo-Griffe;Croc de Mort;Croc Fatal;;;;;;;;;;;;;;;;;;;;;;;;;;;;;;;;;;;;;;;;;;;;;;
Rattatac;Coupe;Charge;Plaquage;Bélier;Damoclès;Morsure;Pistolet à O;Laser Glace;Blizzard;Ultralaser;Riposte;Force;Tonnerre;Fatal-Foudre;Tunnel;Vive-Attaque;Frénésie;Patience;Météores;Combo-Griffe;Croc de Mort;Croc Fatal;;;;;;;;;;;;;;;;;;;;;;;;;;;;;;;;;;;;;;;;;;;;
Piafabec;Coupe-Vent;Vol;Furie;Bélier;Damoclès;Picpic;Bec Vrille;Vive-Attaque;Frénésie;Patience;Météores;Piqué;Triplattaque;;;;;;;;;;;;;;;;;;;;;;;;;;;;;;;;;;;;;;;;;;;;;;;;;;;;;
Rapasdepic;Coupe-Vent;Vol;Furie;Bélier;Damoclès;Ultralaser;Picpic;Bec Vrille;Vive-Attaque;Frénésie;Patience;Météores;Piqué;Triplattaque;;;;;;;;;;;;;;;;;;;;;;;;;;;;;;;;;;;;;;;;;;;;;;;;;;;;
Abo;Étreinte;Souplesse;Plaquage;Ligotage;Bélier;Damoclès;Dard-Venin;Morsure;Acide;Force;Méga-Sangsue;Séisme;Abîme;Tunnel;Frénésie;Patience;Éboulement;;;;;;;;;;;;;;;;;;;;;;;;;;;;;;;;;;;;;;;;;;;;;;;;;
Arbok;Étreinte;Souplesse;Plaquage;Ligotage;Bélier;Damoclès;Dard-Venin;Morsure;Acide;Ultralaser;Force;Méga-Sangsue;Séisme;Abîme;Tunnel;Frénésie;Patience;Éboulement;;;;;;;;;;;;;;;;;;;;;;;;;;;;;;;;;;;;;;;;;;;;;;;;
Pikachu;Ultimapoing;Jackpot;Poing Éclair;Souplesse;Double Pied;Ultimawashi;Plaquage;Bélier;Damoclès;Surf;Sacrifice;Riposte;Frappe Atlas;Force;Éclair;Tonnerre;Fatal-Foudre;Tunnel;Vive-Attaque;Frénésie;Patience;Météores;;;;;;;;;;;;;;;;;;;;;;;;;;;;;;;;;;;;;;;;;;;;
Raichu;Ultimapoing;Jackpot;Poing Éclair;Souplesse;Ultimawashi;Plaquage;Bélier;Damoclès;Surf;Ultralaser;Sacrifice;Riposte;Frappe Atlas;Force;Éclair;Tonnerre;Fatal-Foudre;Tunnel;Vive-Attaque;Frénésie;Patience;Météores;;;;;;;;;;;;;;;;;;;;;;;;;;;;;;;;;;;;;;;;;;;;
Sabelette;Griffe;Coupe;Plaquage;Bélier;Damoclès;Dard-Venin;Sacrifice;Riposte;Frappe Atlas;Force;Séisme;Abîme;Tunnel;Frénésie;Patience;Météores;Vampirisme;Combo-Griffe;Éboulement;Croc Fatal;Tranche;;;;;;;;;;;;;;;;;;;;;;;;;;;;;;;;;;;;;;;;;;;;;
Sablaireau;Griffe;Coupe;Plaquage;Bélier;Damoclès;Dard-Venin;Dard-Nuée;Ultralaser;Sacrifice;Riposte;Frappe Atlas;Force;Séisme;Abîme;Tunnel;Frénésie;Patience;Météores;Vampirisme;Combo-Griffe;Éboulement;Croc Fatal;Tranche;;;;;;;;;;;;;;;;;;;;;;;;;;;;;;;;;;;;;;;;;;;
Nidoran♀;Griffe;Coupe;Double Pied;Charge;Plaquage;Bélier;Damoclès;Dard-Venin;Morsure;Laser Glace;Blizzard;Riposte;Force;Tonnerre;Fatal-Foudre;Tunnel;Frénésie;Patience;Combo-Griffe;Croc Fatal;;;;;;;;;;;;;;;;;;;;;;;;;;;;;;;;;;;;;;;;;;;;;;
Nidorina;Griffe;Coupe;Double Pied;Charge;Plaquage;Bélier;Damoclès;Dard-Venin;Morsure;Pistolet à O;Laser Glace;Blizzard;Riposte;Force;Tonnerre;Fatal-Foudre;Tunnel;Frénésie;Patience;Combo-Griffe;Croc Fatal;;;;;;;;;;;;;;;;;;;;;;;;;;;;;;;;;;;;;;;;;;;;;
Nidoqueen;Ultimapoing;Jackpot;Poing Feu;Poing Glace;Poing Éclair;Griffe;Coupe;Double Pied;Ultimawashi;Charge;Plaquage;Bélier;Damoclès;Dard-Venin;Morsure;Lance-Flammes;Pistolet à O;Surf;Laser Glace;Blizzard;Ultralaser;Sacrifice;Riposte;Frappe Atlas;Force;Tonnerre;Fatal-Foudre;Séisme;Abîme;Tunnel;Frénésie;Patience;Déflagration;Combo-Griffe;Éboulement;Croc Fatal;;;;;;;;;;;;;;;;;;;;;;;;;;;;;;
Nidoran♂;Coupe;Double Pied;Furie;Charge;Plaquage;Bélier;Mania;Damoclès;Dard-Venin;Laser Glace;Blizzard;Picpic;Riposte;Force;Tonnerre;Fatal-Foudre;Tunnel;Choc Mental;Frénésie;Patience;Croc Fatal;;;;;;;;;;;;;;;;;;;;;;;;;;;;;;;;;;;;;;;;;;;;;
Nidorino;Coupe;Double Pied;Furie;Charge;Plaquage;Bélier;Damoclès;Dard-Venin;Pistolet à O;Laser Glace;Blizzard;Picpic;Riposte;Force;Tonnerre;Fatal-Foudre;Tunnel;Frénésie;Patience;Croc Fatal;;;;;;;;;;;;;;;;;;;;;;;;;;;;;;;;;;;;;;;;;;;;;;
Nidoking;Ultimapoing;Jackpot;Poing Feu;Poing Glace;Poing Éclair;Coupe;Double Pied;Ultimawashi;Furie;Charge;Plaquage;Bélier;Mania;Damoclès;Dard-Venin;Lance-Flammes;Pistolet à O;Surf;Laser Glace;Blizzard;Ultralaser;Picpic;Sacrifice;Riposte;Frappe Atlas;Force;Tonnerre;Fatal-Foudre;Séisme;Abîme;Tunnel;Frénésie;Patience;Déflagration;Éboulement;Croc Fatal;;;;;;;;;;;;;;;;;;;;;;;;;;;;;;
Mélofée;Torgnoles;Ultimapoing;Poing Feu;Poing Glace;Poing Éclair;Ultimawashi;Plaquage;Bélier;Damoclès;Lance-Flammes;Pistolet à O;Laser Glace;Blizzard;Sacrifice;Riposte;Frappe Atlas;Force;Lance-Soleil;Tonnerre;Fatal-Foudre;Tunnel;Psyko;Frénésie;Patience;Déflagration;Dévorêve;Vague Psy;Triplattaque;;;;;;;;;;;;;;;;;;;;;;;;;;;;;;;;;;;;;;
Mélodelfe;Torgnoles;Ultimapoing;Poing Feu;Poing Glace;Poing Éclair;Ultimawashi;Plaquage;Bélier;Damoclès;Lance-Flammes;Pistolet à O;Laser Glace;Blizzard;Ultralaser;Sacrifice;Riposte;Frappe Atlas;Force;Lance-Soleil;Tonnerre;Fatal-Foudre;Tunnel;Psyko;Frénésie;Patience;Déflagration;Dévorêve;Vague Psy;Triplattaque;;;;;;;;;;;;;;;;;;;;;;;;;;;;;;;;;;;;;
Goupix;Charge;Plaquage;Bélier;Damoclès;Flammèche;Lance-Flammes;Danse Flammes;Tunnel;Vive-Attaque;Frénésie;Patience;Déflagration;Météores;;;;;;;;;;;;;;;;;;;;;;;;;;;;;;;;;;;;;;;;;;;;;;;;;;;;;
Feunard;Charge;Plaquage;Bélier;Damoclès;Flammèche;Lance-Flammes;Ultralaser;Lance-Soleil;Danse Flammes;Tunnel;Vive-Attaque;Frénésie;Patience;Déflagration;Météores;Dévorêve;;;;;;;;;;;;;;;;;;;;;;;;;;;;;;;;;;;;;;;;;;;;;;;;;;
Rondoudou;Torgnoles;Ultimapoing;Poing Feu;Poing Glace;Poing Éclair;Ultimawashi;Plaquage;Bélier;Damoclès;Lance-Flammes;Pistolet à O;Laser Glace;Blizzard;Sacrifice;Riposte;Frappe Atlas;Force;Lance-Soleil;Tonnerre;Fatal-Foudre;Tunnel;Psyko;Frénésie;Patience;Destruction;Déflagration;Dévorêve;Vague Psy;Triplattaque;;;;;;;;;;;;;;;;;;;;;;;;;;;;;;;;;;;;;
Grodoudou;Torgnoles;Ultimapoing;Poing Feu;Poing Glace;Poing Éclair;Ultimawashi;Plaquage;Bélier;Damoclès;Lance-Flammes;Pistolet à O;Laser Glace;Blizzard;Ultralaser;Sacrifice;Riposte;Frappe Atlas;Force;Lance-Soleil;Tonnerre;Fatal-Foudre;Tunnel;Psyko;Frénésie;Patience;Destruction;Déflagration;Dévorêve;Vague Psy;Triplattaque;;;;;;;;;;;;;;;;;;;;;;;;;;;;;;;;;;;;
Nosferapti;Coupe-Vent;Tornade;Cru-Ailes;Vol;Bélier;Damoclès;Morsure;Vole-Vie;Méga-Sangsue;Vive-Attaque;Frénésie;Patience;Météores;Vampirisme;Croc Fatal;;;;;;;;;;;;;;;;;;;;;;;;;;;;;;;;;;;;;;;;;;;;;;;;;;;
Nosferalto;Coupe-Vent;Cru-Ailes;Vol;Bélier;Damoclès;Morsure;Ultralaser;Vole-Vie;Méga-Sangsue;Vive-Attaque;Frénésie;Patience;Météores;Vampirisme;Croc Fatal;;;;;;;;;;;;;;;;;;;;;;;;;;;;;;;;;;;;;;;;;;;;;;;;;;;
Mystherbe;Coupe;Bélier;Damoclès;Acide;Vole-Vie;Méga-Sangsue;Lance-Soleil;Danse Fleurs;Frénésie;Patience;;;;;;;;;;;;;;;;;;;;;;;;;;;;;;;;;;;;;;;;;;;;;;;;;;;;;;;;
Ortide;Coupe;Bélier;Damoclès;Acide;Vole-Vie;Méga-Sangsue;Lance-Soleil;Danse Fleurs;Frénésie;Patience;;;;;;;;;;;;;;;;;;;;;;;;;;;;;;;;;;;;;;;;;;;;;;;;;;;;;;;;
Rafflesia;Coupe;Plaquage;Bélier;Damoclès;Acide;Ultralaser;Vole-Vie;Méga-Sangsue;Lance-Soleil;Danse Fleurs;Frénésie;Patience;;;;;;;;;;;;;;;;;;;;;;;;;;;;;;;;;;;;;;;;;;;;;;;;;;;;;;
Paras;Griffe;Coupe;Plaquage;Bélier;Damoclès;Rafale Psy;Riposte;Vole-Vie;Méga-Sangsue;Lance-Soleil;Tunnel;Frénésie;Patience;Vampirisme;Combo-Griffe;Tranche;;;;;;;;;;;;;;;;;;;;;;;;;;;;;;;;;;;;;;;;;;;;;;;;;;
Parasect;Griffe;Coupe;Plaquage;Bélier;Damoclès;Ultralaser;Riposte;Vole-Vie;Méga-Sangsue;Lance-Soleil;Tunnel;Frénésie;Patience;Vampirisme;Combo-Griffe;Tranche;;;;;;;;;;;;;;;;;;;;;;;;;;;;;;;;;;;;;;;;;;;;;;;;;;
Mimitoss;Charge;Bélier;Damoclès;Rafale Psy;Méga-Sangsue;Lance-Soleil;Choc Mental;Psyko;Frénésie;Patience;Météores;Vampirisme;Vague Psy;;;;;;;;;;;;;;;;;;;;;;;;;;;;;;;;;;;;;;;;;;;;;;;;;;;;;
Aéromite;Coupe-Vent;Tornade;Charge;Bélier;Damoclès;Rafale Psy;Ultralaser;Méga-Sangsue;Lance-Soleil;Choc Mental;Psyko;Frénésie;Patience;Météores;Dévorêve;Vampirisme;Vague Psy;;;;;;;;;;;;;;;;;;;;;;;;;;;;;;;;;;;;;;;;;;;;;;;;;
Taupiqueur;Griffe;Coupe;Plaquage;Bélier;Damoclès;Séisme;Abîme;Tunnel;Frénésie;Patience;Combo-Griffe;Éboulement;Tranche;;;;;;;;;;;;;;;;;;;;;;;;;;;;;;;;;;;;;;;;;;;;;;;;;;;;;
Triopikeur;Griffe;Coupe;Plaquage;Bélier;Damoclès;Ultralaser;Séisme;Abîme;Tunnel;Frénésie;Patience;Combo-Griffe;Éboulement;Triplattaque;Tranche;;;;;;;;;;;;;;;;;;;;;;;;;;;;;;;;;;;;;;;;;;;;;;;;;;;
Miaouss;Jackpot;Griffe;Coupe;Plaquage;Bélier;Damoclès;Morsure;Pistolet à O;Tonnerre;Fatal-Foudre;Tunnel;Frénésie;Patience;Météores;Dévorêve;Combo-Griffe;Tranche;;;;;;;;;;;;;;;;;;;;;;;;;;;;;;;;;;;;;;;;;;;;;;;;;
Persian;Jackpot;Griffe;Coupe;Plaquage;Bélier;Damoclès;Morsure;Pistolet à O;Ultralaser;Tonnerre;Fatal-Foudre;Tunnel;Frénésie;Patience;Météores;Dévorêve;Combo-Griffe;Tranche;;;;;;;;;;;;;;;;;;;;;;;;;;;;;;;;;;;;;;;;;;;;;;;;
Psykokwak;Ultimapoing;Jackpot;Poing Glace;Griffe;Ultimawashi;Plaquage;Bélier;Damoclès;Pistolet à O;Hydrocanon;Surf;Laser Glace;Blizzard;Rafale Psy;Sacrifice;Riposte;Frappe Atlas;Force;Tunnel;Choc Mental;Psyko;Frénésie;Patience;Cascade;Météores;Combo-Griffe;;;;;;;;;;;;;;;;;;;;;;;;;;;;;;;;;;;;;;;;
Akwakwak;Ultimapoing;Jackpot;Poing Glace;Griffe;Ultimawashi;Plaquage;Bélier;Damoclès;Pistolet à O;Hydrocanon;Surf;Laser Glace;Blizzard;Rafale Psy;Ultralaser;Sacrifice;Balayage;Riposte;Frappe Atlas;Force;Tunnel;Choc Mental;Psyko;Frénésie;Patience;Cascade;Météores;Combo-Griffe;;;;;;;;;;;;;;;;;;;;;;;;;;;;;;;;;;;;;;
Férosinge;Poing Karaté;Ultimapoing;Jackpot;Poing Feu;Poing Glace;Poing Éclair;Griffe;Ultimawashi;Plaquage;Bélier;Mania;Damoclès;Sacrifice;Balayage;Riposte;Frappe Atlas;Force;Tonnerre;Fatal-Foudre;Séisme;Tunnel;Frénésie;Patience;Météores;Combo-Griffe;Éboulement;;;;;;;;;;;;;;;;;;;;;;;;;;;;;;;;;;;;;;;;
Colossinge;Poing Karaté;Ultimapoing;Jackpot;Poing Feu;Poing Glace;Poing Éclair;Griffe;Ultimawashi;Plaquage;Bélier;Mania;Damoclès;Ultralaser;Sacrifice;Balayage;Riposte;Frappe Atlas;Force;Tonnerre;Fatal-Foudre;Séisme;Tunnel;Frénésie;Patience;Météores;Combo-Griffe;Éboulement;;;;;;;;;;;;;;;;;;;;;;;;;;;;;;;;;;;;;;;
Caninos;Double Pied;Plaquage;Bélier;Mania;Damoclès;Morsure;Flammèche;Lance-Flammes;Force;Draco-Rage;Danse Flammes;Tunnel;Frénésie;Patience;Déflagration;Météores;;;;;;;;;;;;;;;;;;;;;;;;;;;;;;;;;;;;;;;;;;;;;;;;;;
Arcanin;Plaquage;Bélier;Damoclès;Morsure;Flammèche;Lance-Flammes;Ultralaser;Force;Lance-Soleil;Draco-Rage;Danse Flammes;Tunnel;Frénésie;Patience;Déflagration;Météores;;;;;;;;;;;;;;;;;;;;;;;;;;;;;;;;;;;;;;;;;;;;;;;;;;
Ptitard;Torgnoles;Plaquage;Bélier;Damoclès;Pistolet à O;Hydrocanon;Surf;Laser Glace;Blizzard;Balayage;Tunnel;Psyko;Frénésie;Patience;Cascade;Écume;Vague Psy;;;;;;;;;;;;;;;;;;;;;;;;;;;;;;;;;;;;;;;;;;;;;;;;;
Têtarte;Torgnoles;Ultimapoing;Poing Glace;Ultimawashi;Plaquage;Bélier;Damoclès;Pistolet à O;Hydrocanon;Surf;Laser Glace;Blizzard;Sacrifice;Balayage;Riposte;Frappe Atlas;Force;Séisme;Abîme;Tunnel;Psyko;Frénésie;Patience;Cascade;Écume;Vague Psy;;;;;;;;;;;;;;;;;;;;;;;;;;;;;;;;;;;;;;;;
Tartard;Torgnoles;Ultimapoing;Poing Glace;Ultimawashi;Plaquage;Bélier;Damoclès;Pistolet à O;Hydrocanon;Surf;Laser Glace;Blizzard;Ultralaser;Sacrifice;Riposte;Frappe Atlas;Force;Séisme;Abîme;Tunnel;Psyko;Frénésie;Patience;Cascade;Écume;Vague Psy;Éboulement;;;;;;;;;;;;;;;;;;;;;;;;;;;;;;;;;;;;;;;
Abra;Ultimapoing;Poing Feu;Poing Glace;Poing Éclair;Ultimawashi;Plaquage;Bélier;Damoclès;Sacrifice;Riposte;Frappe Atlas;Choc Mental;Psyko;Frénésie;Patience;Météores;Dévorêve;Vague Psy;Triplattaque;;;;;;;;;;;;;;;;;;;;;;;;;;;;;;;;;;;;;;;;;;;;;;;
Kadabra;Ultimapoing;Poing Feu;Poing Glace;Poing Éclair;Ultimawashi;Plaquage;Bélier;Damoclès;Rafale Psy;Sacrifice;Riposte;Frappe Atlas;Tunnel;Choc Mental;Psyko;Frénésie;Ombre Nocturne;Patience;Météores;Dévorêve;Vague Psy;Triplattaque;;;;;;;;;;;;;;;;;;;;;;;;;;;;;;;;;;;;;;;;;;;;
Alakazam;Ultimapoing;Poing Feu;Poing Glace;Poing Éclair;Ultimawashi;Plaquage;Bélier;Damoclès;Rafale Psy;Ultralaser;Sacrifice;Riposte;Frappe Atlas;Tunnel;Choc Mental;Psyko;Frénésie;Ombre Nocturne;Patience;Météores;Dévorêve;Vague Psy;Triplattaque;;;;;;;;;;;;;;;;;;;;;;;;;;;;;;;;;;;;;;;;;;;
Machoc;Poing Karaté;Ultimapoing;Poing Feu;Poing Glace;Poing Éclair;Ultimawashi;Mawashi Geri;Plaquage;Bélier;Damoclès;Lance-Flammes;Sacrifice;Balayage;Riposte;Frappe Atlas;Force;Séisme;Abîme;Tunnel;Frénésie;Patience;Déflagration;Éboulement;;;;;;;;;;;;;;;;;;;;;;;;;;;;;;;;;;;;;;;;;;;
Machopeur;Poing Karaté;Ultimapoing;Poing Feu;Poing Glace;Poing Éclair;Ultimawashi;Plaquage;Bélier;Damoclès;Lance-Flammes;Sacrifice;Balayage;Riposte;Frappe Atlas;Force;Séisme;Abîme;Tunnel;Frénésie;Patience;Déflagration;Éboulement;;;;;;;;;;;;;;;;;;;;;;;;;;;;;;;;;;;;;;;;;;;;
Mackogneur;Poing Karaté;Ultimapoing;Poing Feu;Poing Glace;Poing Éclair;Ultimawashi;Plaquage;Bélier;Damoclès;Lance-Flammes;Ultralaser;Sacrifice;Balayage;Riposte;Frappe Atlas;Force;Séisme;Abîme;Tunnel;Frénésie;Patience;Déflagration;Éboulement;;;;;;;;;;;;;;;;;;;;;;;;;;;;;;;;;;;;;;;;;;;
Chétiflor;Coupe;Étreinte;Souplesse;Fouet Lianes;Ligotage;Bélier;Damoclès;Acide;Méga-Sangsue;Lance-Soleil;Frénésie;Patience;Vampirisme;;;;;;;;;;;;;;;;;;;;;;;;;;;;;;;;;;;;;;;;;;;;;;;;;;;;;
Boustiflor;Coupe;Étreinte;Souplesse;Fouet Lianes;Ligotage;Bélier;Damoclès;Acide;Méga-Sangsue;Lance-Soleil;Frénésie;Patience;;;;;;;;;;;;;;;;;;;;;;;;;;;;;;;;;;;;;;;;;;;;;;;;;;;;;;
Empiflor;Coupe;Étreinte;Fouet Lianes;Plaquage;Ligotage;Bélier;Damoclès;Acide;Ultralaser;Méga-Sangsue;Lance-Soleil;Frénésie;Patience;Vampirisme;;;;;;;;;;;;;;;;;;;;;;;;;;;;;;;;;;;;;;;;;;;;;;;;;;;;
Tentacool;Coupe;Étreinte;Ligotage;Bélier;Damoclès;Dard-Venin;Acide;Pistolet à O;Hydrocanon;Surf;Laser Glace;Blizzard;Combo-Griffe;Méga-Sangsue;Frénésie;Patience;Cascade;Constriction;Écume;;;;;;;;;;;;;;;;;;;;;;;;;;;;;;;;;;;;;;;;;;;;;;;
Tentacruel;Coupe;Étreinte;Ligotage;Bélier;Damoclès;Dard-Venin;Acide;Pistolet à O;Hydrocanon;Surf;Laser Glace;Blizzard;Ultralaser;Méga-Sangsue;Frénésie;Patience;Cascade;Constriction;;;;;;;;;;;;;;;;;;;;;;;;;;;;;;;;;;;;;;;;;;;;;;;;
Racaillou;Ultimapoing;Poing Feu;Poing Éclair;Charge;Plaquage;Bélier;Damoclès;Lance-Flammes;Sacrifice;Riposte;Frappe Atlas;Force;Jet-Pierres;Séisme;Abîme;Tunnel;Frénésie;Patience;Destruction;Déflagration;Explosion;Éboulement;;;;;;;;;;;;;;;;;;;;;;;;;;;;;;;;;;;;;;;;;;;;
Gravalanch;Ultimapoing;Poing Feu;Poing Éclair;Charge;Plaquage;Bélier;Damoclès;Lance-Flammes;Sacrifice;Riposte;Frappe Atlas;Force;Jet-Pierres;Séisme;Abîme;Tunnel;Frénésie;Patience;Destruction;Déflagration;Explosion;Éboulement;;;;;;;;;;;;;;;;;;;;;;;;;;;;;;;;;;;;;;;;;;;;
Grolem;Ultimapoing;Poing Feu;Poing Éclair;Ultimawashi;Charge;Plaquage;Bélier;Damoclès;Lance-Flammes;Ultralaser;Sacrifice;Riposte;Frappe Atlas;Force;Jet-Pierres;Séisme;Abîme;Tunnel;Frénésie;Patience;Destruction;Déflagration;Explosion;Éboulement;;;;;;;;;;;;;;;;;;;;;;;;;;;;;;;;;;;;;;;;;;
Ponyta;Écrasement;Double Pied;Charge;Plaquage;Bélier;Mania;Damoclès;Flammèche;Lance-Flammes;Balayage;Force;Lance-Soleil;Danse Flammes;Vive-Attaque;Frénésie;Patience;Déflagration;Météores;;;;;;;;;;;;;;;;;;;;;;;;;;;;;;;;;;;;;;;;;;;;;;;;
Galopa;Jackpot;Écrasement;Double Pied;Furie;Charge;Plaquage;Bélier;Damoclès;Flammèche;Lance-Flammes;Ultralaser;Balayage;Force;Lance-Soleil;Danse Flammes;Vive-Attaque;Frénésie;Patience;Déflagration;Météores;;;;;;;;;;;;;;;;;;;;;;;;;;;;;;;;;;;;;;;;;;;;;;
Ramoloss;Jackpot;Écrasement;Charge;Plaquage;Bélier;Damoclès;Lance-Flammes;Pistolet à O;Hydrocanon;Surf;Laser Glace;Blizzard;Force;Séisme;Abîme;Tunnel;Choc Mental;Psyko;Frénésie;Patience;Déflagration;Météores;Dévorêve;Vague Psy;Triplattaque;;;;;;;;;;;;;;;;;;;;;;;;;;;;;;;;;;;;;;;;;
Flagadoss;Ultimapoing;Jackpot;Poing Glace;Écrasement;Ultimawashi;Charge;Plaquage;Bélier;Damoclès;Lance-Flammes;Pistolet à O;Hydrocanon;Surf;Laser Glace;Blizzard;Ultralaser;Sacrifice;Riposte;Frappe Atlas;Force;Séisme;Abîme;Tunnel;Choc Mental;Psyko;Frénésie;Patience;Déflagration;Météores;Dévorêve;Vague Psy;Triplattaque;;;;;;;;;;;;;;;;;;;;;;;;;;;;;;;;;;
Magnéti;Charge;Bélier;Damoclès;Sonic Boom;Éclair;Tonnerre;Fatal-Foudre;Frénésie;Patience;Météores;Explosion;;;;;;;;;;;;;;;;;;;;;;;;;;;;;;;;;;;;;;;;;;;;;;;;;;;;;;;
Magnéton;Charge;Bélier;Damoclès;Sonic Boom;Ultralaser;Éclair;Tonnerre;Fatal-Foudre;Frénésie;Patience;Météores;Explosion;Triplattaque;;;;;;;;;;;;;;;;;;;;;;;;;;;;;;;;;;;;;;;;;;;;;;;;;;;;;
Canarticho;Coupe-Vent;Coupe;Tornade;Vol;Furie;Plaquage;Bélier;Damoclès;Picpic;Vive-Attaque;Frénésie;Patience;Météores;Piqué;Tranche;;;;;;;;;;;;;;;;;;;;;;;;;;;;;;;;;;;;;;;;;;;;;;;;;;;
Doduo;Vol;Pied Sauté;Furie;Plaquage;Bélier;Mania;Damoclès;Picpic;Bec Vrille;Vive-Attaque;Frénésie;Patience;Météores;Piqué;Triplattaque;;;;;;;;;;;;;;;;;;;;;;;;;;;;;;;;;;;;;;;;;;;;;;;;;;;
Dodrio;Vol;Pied Sauté;Furie;Plaquage;Bélier;Mania;Damoclès;Ultralaser;Picpic;Bec Vrille;Vive-Attaque;Frénésie;Patience;Météores;Piqué;Triplattaque;;;;;;;;;;;;;;;;;;;;;;;;;;;;;;;;;;;;;;;;;;;;;;;;;;
Otaria;Jackpot;Souplesse;Plaquage;Bélier;Damoclès;Pistolet à O;Surf;Laser Glace;Blizzard;Combo-Griffe;Picpic;Force;Frénésie;Patience;Léchouille;Cascade;;;;;;;;;;;;;;;;;;;;;;;;;;;;;;;;;;;;;;;;;;;;;;;;;;
Lamantine;Jackpot;Plaquage;Bélier;Damoclès;Pistolet à O;Surf;Laser Glace;Blizzard;Combo-Griffe;Ultralaser;Force;Frénésie;Patience;Cascade;;;;;;;;;;;;;;;;;;;;;;;;;;;;;;;;;;;;;;;;;;;;;;;;;;;;
Tadmorv;Poing Feu;Poing Glace;Poing Éclair;Plaquage;Lance-Flammes;Force;Méga-Sangsue;Tonnerre;Fatal-Foudre;Tunnel;Frénésie;Patience;Destruction;Léchouille;Détritus;Déflagration;Explosion;Éboulement;;;;;;;;;;;;;;;;;;;;;;;;;;;;;;;;;;;;;;;;;;;;;;;;
Grotadmorv;Poing Feu;Poing Glace;Poing Éclair;Plaquage;Lance-Flammes;Ultralaser;Force;Méga-Sangsue;Tonnerre;Fatal-Foudre;Tunnel;Frénésie;Patience;Destruction;Détritus;Déflagration;Explosion;Éboulement;;;;;;;;;;;;;;;;;;;;;;;;;;;;;;;;;;;;;;;;;;;;;;;;
Kokiyas;Charge;Bélier;Damoclès;Double Dard;Pistolet à O;Hydrocanon;Surf;Laser Glace;Blizzard;Combo-Griffe;Frénésie;Patience;Destruction;Claquoir;Météores;Explosion;Triplattaque;;;;;;;;;;;;;;;;;;;;;;;;;;;;;;;;;;;;;;;;;;;;;;;;;
Crustabri;Charge;Bélier;Damoclès;Double Dard;Dard-Nuée;Pistolet à O;Hydrocanon;Surf;Laser Glace;Blizzard;Combo-Griffe;Ultralaser;Frénésie;Patience;Destruction;Claquoir;Météores;Picanon;Explosion;Triplattaque;;;;;;;;;;;;;;;;;;;;;;;;;;;;;;;;;;;;;;;;;;;;;;
Fantominus;Poing Feu;Poing Glace;Poing Éclair;Méga-Sangsue;Tonnerre;Fatal-Foudre;Psyko;Frénésie;Ombre Nocturne;Patience;Destruction;Léchouille;Purédpois;Dévorêve;Vague Psy;Explosion;;;;;;;;;;;;;;;;;;;;;;;;;;;;;;;;;;;;;;;;;;;;;;;;;;
Spectrum;Poing Feu;Poing Glace;Poing Éclair;Méga-Sangsue;Tonnerre;Fatal-Foudre;Psyko;Frénésie;Ombre Nocturne;Patience;Destruction;Léchouille;Purédpois;Dévorêve;Vague Psy;Explosion;;;;;;;;;;;;;;;;;;;;;;;;;;;;;;;;;;;;;;;;;;;;;;;;;;
Ectoplasma;Ultimapoing;Poing Feu;Poing Glace;Poing Éclair;Ultimawashi;Plaquage;Bélier;Damoclès;Ultralaser;Sacrifice;Riposte;Frappe Atlas;Force;Méga-Sangsue;Tonnerre;Fatal-Foudre;Psyko;Frénésie;Ombre Nocturne;Patience;Destruction;Léchouille;Purédpois;Dévorêve;Vague Psy;Explosion;;;;;;;;;;;;;;;;;;;;;;;;;;;;;;;;;;;;;;;;
Onix;Étreinte;Souplesse;Charge;Plaquage;Bélier;Damoclès;Force;Jet-Pierres;Séisme;Abîme;Tunnel;Frénésie;Patience;Destruction;Explosion;Éboulement;;;;;;;;;;;;;;;;;;;;;;;;;;;;;;;;;;;;;;;;;;;;;;;;;;
Soporifik;Ultimapoing;Poing Feu;Poing Glace;Poing Éclair;Ultimawashi;Plaquage;Bélier;Damoclès;Rafale Psy;Sacrifice;Balayage;Riposte;Frappe Atlas;Choc Mental;Psyko;Frénésie;Patience;Dévorêve;Vague Psy;Triplattaque;;;;;;;;;;;;;;;;;;;;;;;;;;;;;;;;;;;;;;;;;;;;;;
Hypnomade;Ultimapoing;Poing Feu;Poing Glace;Poing Éclair;Ultimawashi;Plaquage;Bélier;Damoclès;Rafale Psy;Ultralaser;Sacrifice;Balayage;Riposte;Frappe Atlas;Choc Mental;Psyko;Frénésie;Patience;Dévorêve;Vague Psy;Triplattaque;;;;;;;;;;;;;;;;;;;;;;;;;;;;;;;;;;;;;;;;;;;;;
Krabby;Force Poigne;Guillotine;Coupe;Souplesse;Écrasement;Plaquage;Bélier;Damoclès;Pistolet à O;Surf;Laser Glace;Blizzard;Force;Tunnel;Frénésie;Patience;Écume;Pince-Masse;Éboulement;Tranche;;;;;;;;;;;;;;;;;;;;;;;;;;;;;;;;;;;;;;;;;;;;;;
Krabboss;Force Poigne;Guillotine;Coupe;Souplesse;Écrasement;Plaquage;Bélier;Damoclès;Pistolet à O;Hydrocanon;Surf;Laser Glace;Blizzard;Ultralaser;Force;Tunnel;Frénésie;Patience;Écume;Pince-Masse;Éboulement;;;;;;;;;;;;;;;;;;;;;;;;;;;;;;;;;;;;;;;;;;;;;
Voltorbe;Charge;Bélier;Sonic Boom;Éclair;Tonnerre;Fatal-Foudre;Frénésie;Patience;Destruction;Météores;Explosion;;;;;;;;;;;;;;;;;;;;;;;;;;;;;;;;;;;;;;;;;;;;;;;;;;;;;;;
Électrode;Charge;Bélier;Sonic Boom;Ultralaser;Éclair;Tonnerre;Fatal-Foudre;Frénésie;Patience;Destruction;Météores;Explosion;;;;;;;;;;;;;;;;;;;;;;;;;;;;;;;;;;;;;;;;;;;;;;;;;;;;;;
Noeunoeuf;Bélier;Damoclès;Rafale Psy;Force;Vole-Vie;Méga-Sangsue;Lance-Soleil;Choc Mental;Psyko;Frénésie;Patience;Destruction;Dévorêve;Pilonnage;Vague Psy;Explosion;;;;;;;;;;;;;;;;;;;;;;;;;;;;;;;;;;;;;;;;;;;;;;;;;;
Noadkoko;Écrasement;Bélier;Damoclès;Ultralaser;Balayage;Force;Vole-Vie;Méga-Sangsue;Lance-Soleil;Choc Mental;Psyko;Frénésie;Patience;Destruction;Dévorêve;Pilonnage;Vague Psy;Explosion;;;;;;;;;;;;;;;;;;;;;;;;;;;;;;;;;;;;;;;;;;;;;;;;
Osselait;Ultimapoing;Poing Feu;Poing Éclair;Double Pied;Ultimawashi;Plaquage;Bélier;Mania;Damoclès;Lance-Flammes;Pistolet à O;Laser Glace;Blizzard;Sacrifice;Balayage;Riposte;Frappe Atlas;Force;Séisme;Abîme;Tunnel;Frénésie;Patience;Déflagration;Météores;Osmerang;Éboulement;;;;;;;;;;;;;;;;;;;;;;;;;;;;;;;;;;;;;;;
Ossatueur;Ultimapoing;Poing Feu;Poing Éclair;Ultimawashi;Plaquage;Bélier;Mania;Damoclès;Lance-Flammes;Pistolet à O;Laser Glace;Blizzard;Ultralaser;Sacrifice;Balayage;Riposte;Frappe Atlas;Force;Séisme;Abîme;Tunnel;Frénésie;Patience;Déflagration;Météores;Osmerang;Éboulement;;;;;;;;;;;;;;;;;;;;;;;;;;;;;;;;;;;;;;;
Kicklee;Ultimapoing;Double Pied;Ultimawashi;Pied Sauté;Mawashi Geri;Charge;Plaquage;Bélier;Damoclès;Sacrifice;Balayage;Riposte;Frappe Atlas;Force;Séisme;Frénésie;Patience;Météores;Pied Voltige;Éboulement;;;;;;;;;;;;;;;;;;;;;;;;;;;;;;;;;;;;;;;;;;;;;;
Tygnon;Poing Comète;Ultimapoing;Poing Feu;Poing Glace;Poing Éclair;Ultimawashi;Charge;Plaquage;Bélier;Damoclès;Sacrifice;Balayage;Riposte;Frappe Atlas;Force;Séisme;Frénésie;Patience;Météores;Uppercut;Éboulement;;;;;;;;;;;;;;;;;;;;;;;;;;;;;;;;;;;;;;;;;;;;;
Excelangue;Ultimapoing;Poing Feu;Poing Glace;Poing Éclair;Coupe;Étreinte;Souplesse;Écrasement;Ultimawashi;Plaquage;Ligotage;Bélier;Mania;Damoclès;Acide;Lance-Flammes;Pistolet à O;Hydrocanon;Surf;Laser Glace;Blizzard;Ultralaser;Sacrifice;Riposte;Frappe Atlas;Force;Lance-Soleil;Tonnerre;Fatal-Foudre;Séisme;Abîme;Tunnel;Frénésie;Patience;Léchouille;Déflagration;Dévorêve;Éboulement;;;;;;;;;;;;;;;;;;;;;;;;;;;;
Smogo;Charge;Lance-Flammes;Rafale Psy;Tonnerre;Fatal-Foudre;Frénésie;Patience;Destruction;Purédpois;Détritus;Déflagration;Vague Psy;Explosion;;;;;;;;;;;;;;;;;;;;;;;;;;;;;;;;;;;;;;;;;;;;;;;;;;;;;
Smogogo;Charge;Lance-Flammes;Rafale Psy;Ultralaser;Tonnerre;Fatal-Foudre;Frénésie;Patience;Destruction;Purédpois;Détritus;Déflagration;Explosion;;;;;;;;;;;;;;;;;;;;;;;;;;;;;;;;;;;;;;;;;;;;;;;;;;;;;
Rhinocorne;Écrasement;Furie;Charge;Plaquage;Bélier;Mania;Damoclès;Lance-Flammes;Laser Glace;Blizzard;Riposte;Force;Tonnerre;Fatal-Foudre;Jet-Pierres;Séisme;Abîme;Tunnel;Frénésie;Patience;Déflagration;Éboulement;;;;;;;;;;;;;;;;;;;;;;;;;;;;;;;;;;;;;;;;;;;;
Rhinoféros;Ultimapoing;Jackpot;Poing Feu;Poing Glace;Poing Éclair;Coupe;Écrasement;Ultimawashi;Furie;Charge;Plaquage;Bélier;Damoclès;Lance-Flammes;Pistolet à O;Hydrocanon;Surf;Laser Glace;Blizzard;Ultralaser;Sacrifice;Riposte;Frappe Atlas;Force;Tonnerre;Fatal-Foudre;Jet-Pierres;Séisme;Abîme;Tunnel;Frénésie;Patience;Déflagration;Éboulement;;;;;;;;;;;;;;;;;;;;;;;;;;;;;;;;
Leveinard;Torgnoles;Ultimapoing;Poing Feu;Poing Glace;Poing Éclair;Ultimawashi;Plaquage;Bélier;Damoclès;Lance-Flammes;Pistolet à O;Laser Glace;Blizzard;Ultralaser;Sacrifice;Riposte;Frappe Atlas;Force;Lance-Soleil;Tonnerre;Fatal-Foudre;Séisme;Psyko;Frénésie;Patience;Déflagration;Dévorêve;Vague Psy;Éboulement;Triplattaque;;;;;;;;;;;;;;;;;;;;;;;;;;;;;;;;;;;;
Saquedeneu;Coupe;Étreinte;Souplesse;Fouet Lianes;Plaquage;Bélier;Damoclès;Ultralaser;Vole-Vie;Méga-Sangsue;Lance-Soleil;Choc Mental;Frénésie;Patience;Constriction;;;;;;;;;;;;;;;;;;;;;;;;;;;;;;;;;;;;;;;;;;;;;;;;;;;
Kangourex;Poing Comète;Ultimapoing;Poing Feu;Poing Glace;Poing Éclair;Coupe;Écrasement;Ultimawashi;Plaquage;Bélier;Damoclès;Morsure;Lance-Flammes;Pistolet à O;Hydrocanon;Surf;Laser Glace;Blizzard;Ultralaser;Sacrifice;Balayage;Riposte;Frappe Atlas;Force;Lance-Soleil;Tonnerre;Fatal-Foudre;Séisme;Abîme;Tunnel;Frénésie;Patience;Déflagration;Uppercut;Éboulement;;;;;;;;;;;;;;;;;;;;;;;;;;;;;;;
Hypotrempe;Coupe-Vent;Bélier;Damoclès;Pistolet à O;Hydrocanon;Surf;Laser Glace;Blizzard;Combo-Griffe;Draco-Rage;Frénésie;Patience;Cascade;Météores;Écume;;;;;;;;;;;;;;;;;;;;;;;;;;;;;;;;;;;;;;;;;;;;;;;;;;;
Hypocéan;Bélier;Damoclès;Pistolet à O;Hydrocanon;Surf;Laser Glace;Blizzard;Ultralaser;Frénésie;Patience;Cascade;Météores;Écume;;;;;;;;;;;;;;;;;;;;;;;;;;;;;;;;;;;;;;;;;;;;;;;;;;;;;
Poissirène;Furie;Plaquage;Bélier;Damoclès;Pistolet à O;Hydrocanon;Surf;Laser Glace;Blizzard;Rafale Psy;Picpic;Vive-Attaque;Frénésie;Patience;Cascade;Météores;;;;;;;;;;;;;;;;;;;;;;;;;;;;;;;;;;;;;;;;;;;;;;;;;;
Poissoroy;Furie;Plaquage;Bélier;Damoclès;Pistolet à O;Hydrocanon;Surf;Laser Glace;Blizzard;Rafale Psy;Ultralaser;Picpic;Vive-Attaque;Frénésie;Patience;Cascade;Météores;;;;;;;;;;;;;;;;;;;;;;;;;;;;;;;;;;;;;;;;;;;;;;;;;
Stari;Charge;Bélier;Damoclès;Pistolet à O;Hydrocanon;Surf;Laser Glace;Blizzard;Rafale Psy;Combo-Griffe;Tonnerre;Fatal-Foudre;Psyko;Frénésie;Patience;Cascade;Météores;Vague Psy;Triplattaque;;;;;;;;;;;;;;;;;;;;;;;;;;;;;;;;;;;;;;;;;;;;;;;
Staross;Charge;Bélier;Damoclès;Pistolet à O;Hydrocanon;Surf;Laser Glace;Blizzard;Rafale Psy;Ultralaser;Tonnerre;Fatal-Foudre;Psyko;Frénésie;Patience;Cascade;Météores;Dévorêve;Vague Psy;Triplattaque;;;;;;;;;;;;;;;;;;;;;;;;;;;;;;;;;;;;;;;;;;;;;;
M. Mime;Torgnoles;Ultimapoing;Poing Feu;Poing Glace;Poing Éclair;Ultimawashi;Plaquage;Bélier;Damoclès;Rafale Psy;Ultralaser;Sacrifice;Riposte;Frappe Atlas;Lance-Soleil;Tonnerre;Fatal-Foudre;Choc Mental;Psyko;Frénésie;Patience;Dévorêve;Vague Psy;;;;;;;;;;;;;;;;;;;;;;;;;;;;;;;;;;;;;;;;;;;
Insécateur;Coupe-Vent;Coupe;Cru-Ailes;Bélier;Damoclès;Ultralaser;Riposte;Vive-Attaque;Frénésie;Patience;Météores;Tranche;;;;;;;;;;;;;;;;;;;;;;;;;;;;;;;;;;;;;;;;;;;;;;;;;;;;;;
Lippoutou;Torgnoles;Ultimapoing;Poing Glace;Ultimawashi;Plaquage;Bélier;Mania;Damoclès;Pistolet à O;Laser Glace;Blizzard;Ultralaser;Sacrifice;Riposte;Frappe Atlas;Choc Mental;Psyko;Frénésie;Patience;Léchouille;Dévorêve;Vague Psy;;;;;;;;;;;;;;;;;;;;;;;;;;;;;;;;;;;;;;;;;;;;
Élektek;Ultimapoing;Poing Feu;Poing Glace;Poing Éclair;Ultimawashi;Plaquage;Bélier;Damoclès;Ultralaser;Sacrifice;Balayage;Riposte;Frappe Atlas;Force;Éclair;Tonnerre;Fatal-Foudre;Psyko;Vive-Attaque;Frénésie;Patience;Météores;Vague Psy;;;;;;;;;;;;;;;;;;;;;;;;;;;;;;;;;;;;;;;;;;;
Magmar;Ultimapoing;Poing Feu;Poing Éclair;Ultimawashi;Plaquage;Bélier;Damoclès;Flammèche;Lance-Flammes;Ultralaser;Sacrifice;Balayage;Riposte;Frappe Atlas;Force;Danse Flammes;Psyko;Frénésie;Patience;Purédpois;Déflagration;Vague Psy;;;;;;;;;;;;;;;;;;;;;;;;;;;;;;;;;;;;;;;;;;;;
Scarabrute;Force Poigne;Guillotine;Coupe;Étreinte;Furie;Plaquage;Bélier;Mania;Damoclès;Ultralaser;Sacrifice;Frappe Atlas;Force;Séisme;Tunnel;Vive-Attaque;Frénésie;Patience;Éboulement;Tranche;;;;;;;;;;;;;;;;;;;;;;;;;;;;;;;;;;;;;;;;;;;;;;
Tauros;Écrasement;Charge;Plaquage;Bélier;Mania;Damoclès;Lance-Flammes;Surf;Laser Glace;Blizzard;Ultralaser;Force;Lance-Soleil;Tonnerre;Fatal-Foudre;Séisme;Abîme;Frénésie;Patience;Déflagration;Éboulement;;;;;;;;;;;;;;;;;;;;;;;;;;;;;;;;;;;;;;;;;;;;;
Magicarpe;Charge;Hydrocanon;;;;;;;;;;;;;;;;;;;;;;;;;;;;;;;;;;;;;;;;;;;;;;;;;;;;;;;;;;;;;;;;
Léviator;Étreinte;Charge;Plaquage;Bélier;Mania;Damoclès;Morsure;Lance-Flammes;Pistolet à O;Hydrocanon;Surf;Laser Glace;Blizzard;Ultralaser;Force;Draco-Rage;Tonnerre;Fatal-Foudre;Séisme;Frénésie;Patience;Déflagration;Cascade;;;;;;;;;;;;;;;;;;;;;;;;;;;;;;;;;;;;;;;;;;;
Lokhlass;Plaquage;Bélier;Damoclès;Pistolet à O;Hydrocanon;Surf;Laser Glace;Blizzard;Combo-Griffe;Ultralaser;Force;Lance-Soleil;Draco-Rage;Tonnerre;Fatal-Foudre;Abîme;Psyko;Frénésie;Patience;Cascade;Dévorêve;Vague Psy;;;;;;;;;;;;;;;;;;;;;;;;;;;;;;;;;;;;;;;;;;;;
Évoli;Jackpot;Double Pied;Charge;Plaquage;Bélier;Damoclès;Morsure;Tunnel;Vive-Attaque;Frénésie;Patience;Météores;;;;;;;;;;;;;;;;;;;;;;;;;;;;;;;;;;;;;;;;;;;;;;;;;;;;;;
Aquali;Jackpot;Double Pied;Charge;Plaquage;Bélier;Damoclès;Morsure;Pistolet à O;Hydrocanon;Surf;Laser Glace;Blizzard;Combo-Griffe;Ultralaser;Force;Tunnel;Vive-Attaque;Frénésie;Patience;Cascade;Météores;;;;;;;;;;;;;;;;;;;;;;;;;;;;;;;;;;;;;;;;;;;;;
Voltali;Jackpot;Double Pied;Charge;Plaquage;Bélier;Damoclès;Dard-Nuée;Morsure;Ultralaser;Force;Éclair;Tonnerre;Fatal-Foudre;Tunnel;Vive-Attaque;Frénésie;Patience;Météores;;;;;;;;;;;;;;;;;;;;;;;;;;;;;;;;;;;;;;;;;;;;;;;;
Pyroli;Jackpot;Double Pied;Charge;Plaquage;Bélier;Damoclès;Morsure;Flammèche;Lance-Flammes;Ultralaser;Force;Danse Flammes;Tunnel;Vive-Attaque;Frénésie;Patience;Purédpois;Déflagration;Météores;;;;;;;;;;;;;;;;;;;;;;;;;;;;;;;;;;;;;;;;;;;;;;;
Porygon;Charge;Bélier;Damoclès;Laser Glace;Blizzard;Rafale Psy;Ultralaser;Lance-Soleil;Éclair;Tonnerre;Fatal-Foudre;Psyko;Frénésie;Patience;Météores;Dévorêve;Vague Psy;Triplattaque;;;;;;;;;;;;;;;;;;;;;;;;;;;;;;;;;;;;;;;;;;;;;;;;
Amonita;Étreinte;Souplesse;Plaquage;Bélier;Damoclès;Morsure;Pistolet à O;Hydrocanon;Surf;Laser Glace;Blizzard;Combo-Griffe;Jet-Pierres;Frénésie;Patience;Cascade;Picanon;Constriction;Éboulement;;;;;;;;;;;;;;;;;;;;;;;;;;;;;;;;;;;;;;;;;;;;;;;
Amonistar;Étreinte;Plaquage;Bélier;Damoclès;Dard-Nuée;Morsure;Pistolet à O;Hydrocanon;Surf;Laser Glace;Blizzard;Ultralaser;Sacrifice;Frappe Atlas;Jet-Pierres;Frénésie;Patience;Cascade;Picanon;Constriction;Éboulement;;;;;;;;;;;;;;;;;;;;;;;;;;;;;;;;;;;;;;;;;;;;;
Kabuto;Griffe;Plaquage;Bélier;Damoclès;Pistolet à O;Hydrocanon;Surf;Laser Glace;Blizzard;Combo-Griffe;Vole-Vie;Méga-Sangsue;Jet-Pierres;Tunnel;Frénésie;Patience;Cascade;Vampirisme;Éboulement;Tranche;;;;;;;;;;;;;;;;;;;;;;;;;;;;;;;;;;;;;;;;;;;;;;
Kabutops;Griffe;Coupe-Vent;Coupe;Ultimawashi;Plaquage;Bélier;Damoclès;Pistolet à O;Hydrocanon;Surf;Laser Glace;Blizzard;Ultralaser;Sacrifice;Balayage;Frappe Atlas;Vole-Vie;Méga-Sangsue;Jet-Pierres;Tunnel;Frénésie;Patience;Cascade;Vampirisme;Éboulement;Tranche;;;;;;;;;;;;;;;;;;;;;;;;;;;;;;;;;;;;;;;;
Ptéra;Coupe-Vent;Cru-Ailes;Vol;Bélier;Damoclès;Morsure;Lance-Flammes;Ultralaser;Force;Draco-Rage;Jet-Pierres;Séisme;Frénésie;Patience;Déflagration;Météores;Piqué;Éboulement;;;;;;;;;;;;;;;;;;;;;;;;;;;;;;;;;;;;;;;;;;;;;;;;
Ronflex;Ultimapoing;Jackpot;Poing Feu;Poing Glace;Poing Éclair;Ultimawashi;Charge;Plaquage;Bélier;Damoclès;Morsure;Lance-Flammes;Pistolet à O;Hydrocanon;Surf;Laser Glace;Blizzard;Ultralaser;Sacrifice;Riposte;Frappe Atlas;Force;Lance-Soleil;Tonnerre;Fatal-Foudre;Séisme;Abîme;Psyko;Frénésie;Patience;Destruction;Léchouille;Déflagration;Vague Psy;Éboulement;;;;;;;;;;;;;;;;;;;;;;;;;;;;;;;
Artikodin;Coupe-Vent;Tornade;Vol;Bélier;Damoclès;Pistolet à O;Laser Glace;Blizzard;Ultralaser;Picpic;Frénésie;Patience;Météores;Piqué;;;;;;;;;;;;;;;;;;;;;;;;;;;;;;;;;;;;;;;;;;;;;;;;;;;;
Électhor;Coupe-Vent;Vol;Bélier;Damoclès;Ultralaser;Picpic;Bec Vrille;Éclair;Tonnerre;Fatal-Foudre;Frénésie;Patience;Météores;Piqué;;;;;;;;;;;;;;;;;;;;;;;;;;;;;;;;;;;;;;;;;;;;;;;;;;;;
Sulfura;Coupe-Vent;Tornade;Cru-Ailes;Vol;Bélier;Damoclès;Flammèche;Lance-Flammes;Ultralaser;Picpic;Lance-Soleil;Danse Flammes;Frénésie;Patience;Déflagration;Météores;Piqué;;;;;;;;;;;;;;;;;;;;;;;;;;;;;;;;;;;;;;;;;;;;;;;;;
Minidraco;Étreinte;Souplesse;Plaquage;Ligotage;Bélier;Damoclès;Lance-Flammes;Pistolet à O;Hydrocanon;Surf;Laser Glace;Blizzard;Ultralaser;Draco-Rage;Danse Flammes;Tonnerre;Fatal-Foudre;Frénésie;Patience;Déflagration;Cascade;Météores;;;;;;;;;;;;;;;;;;;;;;;;;;;;;;;;;;;;;;;;;;;;
Draco;Étreinte;Souplesse;Plaquage;Ligotage;Bélier;Damoclès;Lance-Flammes;Pistolet à O;Hydrocanon;Surf;Laser Glace;Blizzard;Ultralaser;Draco-Rage;Danse Flammes;Tonnerre;Fatal-Foudre;Frénésie;Patience;Déflagration;Cascade;Météores;;;;;;;;;;;;;;;;;;;;;;;;;;;;;;;;;;;;;;;;;;;;
Dracolosse;Ultimapoing;Poing Feu;Poing Glace;Poing Éclair;Coupe-Vent;Coupe;Cru-Ailes;Vol;Étreinte;Souplesse;Ultimawashi;Plaquage;Ligotage;Bélier;Damoclès;Lance-Flammes;Pistolet à O;Hydrocanon;Surf;Laser Glace;Blizzard;Ultralaser;Force;Draco-Rage;Danse Flammes;Tonnerre;Fatal-Foudre;Séisme;Frénésie;Patience;Déflagration;Cascade;Météores;Éboulement;;;;;;;;;;;;;;;;;;;;;;;;;;;;;;;;
Mewtwo;Ultimapoing;Jackpot;Poing Feu;Poing Glace;Poing Éclair;Ultimawashi;Plaquage;Bélier;Damoclès;Lance-Flammes;Pistolet à O;Laser Glace;Blizzard;Rafale Psy;Ultralaser;Sacrifice;Balayage;Riposte;Frappe Atlas;Force;Lance-Soleil;Tonnerre;Fatal-Foudre;Séisme;Choc Mental;Psyko;Frénésie;Patience;Destruction;Déflagration;Météores;Dévorêve;Vague Psy;Éboulement;Triplattaque;;;;;;;;;;;;;;;;;;;;;;;;;;;;;;;
Mew;Ultimapoing;Jackpot;Poing Feu;Poing Glace;Poing Éclair;Coupe-Vent;Coupe;Vol;Étreinte;Ultimawashi;Plaquage;Bélier;Damoclès;Dard-Nuée;Lance-Flammes;Pistolet à O;Hydrocanon;Surf;Laser Glace;Blizzard;Ultralaser;Sacrifice;Balayage;Riposte;Frappe Atlas;Force;Méga-Sangsue;Lance-Soleil;Draco-Rage;Danse Flammes;Tonnerre;Fatal-Foudre;Séisme;Abîme;Tunnel;Choc Mental;Psyko;Frénésie;;Ombre Nocturne;;Patience;;Destruction;;Déflagration;;Cascade;;Météores;;Dévorêve;;Vampirisme;;Piqué;;Vague Psy;;Explosion;;Éboulement;;Triplattaque;;Croc Fatal
